West Fraser-Hinton Wood Products,FMA8800025,ATH
West Fraser-Hinton Wood Products,FMA8800025,MAR
West Fraser-Hinton Wood Products,FMA8800025,EMB
West Fraser-Hinton Wood Products,FMA8800025,MCL
West Fraser-Hinton Wood Products,FMA8800025,BER
West Fraser-Edson Forest Products,FMA9700032,EFP
Canadian Forest Products Ltd (Canfor) GP,FMA9900037,DA1
Weyerhaeuser -Edson/DV,FMA0900046,DV1
Weyerhaeuser -Edson/DV,FMA0900046,E15
Weyerhaeuser -Edson/DV,FMA0900046,W06
Weyerhaeuser -Edson/DV,FMA0900046,E02 (oversize)
Weyerhaeuser -Grand Prairie,FMA6900016,W15
ANC,FMA8900026,DA1
ANC,CTLW06F008,DA1
Millar Western Forest Products,FMA9700034,OCE
Millar Western Forest Products,FMA9700034,GLK
Millar Western Forest Products,FMA9700034,TCK
Millar Western Forest Products,FMA9700034,UMR
Millar Western Forest Products,FMA9700034,TOH
EDFOR,CTLE02F001,
BRISCO QUOTA,CTLE010068,
PETER MASON,CTLE02F001,
BIG BITE MULCHING,PRIVATE,
RL HARRIS CONTRACTING,PRIVATE,
